{
	"info": {
		"_postman_id": "9b931d5c-1079-4303-90bd-d08f8a1f6e77",
		"name": "Bistro-Nord-Backend",
		"schema": "https://schema.getpostman.com/json/collection/v2.1.0/collection.json",
		"_exporter_id": "18980451"
	},
	"item": [
		{
			"name": "Book A Table",
			"request": {
				"auth": {
					"type": "oauth2",
					"oauth2": [
						{
							"key": "scope",
							"value": "ServerAccessScope/write",
							"type": "string"
						},
						{
							"key": "clientSecret",
							"value": "{{client_secret}}",
							"type": "string"
						},
						{
							"key": "clientId",
							"value": "{{client_id}}",
							"type": "string"
						},
						{
							"key": "accessTokenUrl",
							"value": "{{url}}",
							"type": "string"
						},
						{
							"key": "headerPrefix",
							"value": "",
							"type": "string"
						},
						{
							"key": "addTokenTo",
							"value": "header",
							"type": "string"
						},
						{
							"key": "grant_type",
							"value": "client_credentials",
							"type": "string"
						},
						{
							"key": "authUrl",
							"value": "https://bistro-nord-backend.auth.us-east-1.amazoncognito.com/oauth2/token",
							"type": "string"
						},
						{
							"key": "useBrowser",
							"value": true,
							"type": "boolean"
						},
						{
							"key": "client_authentication",
							"value": "body",
							"type": "string"
						},
						{
							"key": "tokenName",
							"value": "Bistro Nord Backend",
							"type": "string"
						},
						{
							"key": "refreshRequestParams",
							"value": [],
							"type": "any"
						},
						{
							"key": "tokenRequestParams",
							"value": [],
							"type": "any"
						},
						{
							"key": "authRequestParams",
							"value": [],
							"type": "any"
						},
						{
							"key": "challengeAlgorithm",
							"value": "S256",
							"type": "string"
						}
					]
				},
				"method": "POST",
				"header": [],
				"body": {
					"mode": "raw",
					"raw": "{\n    \"fname\": \"Srinivas\",\n    \"lname\": \"Pradhan\",\n    \"email\": \"srinivaspradhan@gmail.com\",\n    \"datetime\": \"2025-01-29 9:30 PM\",\n    \"count\": 5,\n    \"restaurantId\": \"OTTA\",\n    \"status\": \"ACTIVE\"\n}",
					"options": {
						"raw": {
							"language": "json"
						}
					}
				},
				"url": {
					"raw": "https://enr8szp4y4.execute-api.us-east-1.amazonaws.com/bookATable",
					"protocol": "https",
					"host": [
						"enr8szp4y4",
						"execute-api",
						"us-east-1",
						"amazonaws",
						"com"
					],
					"path": [
						"bookATable"
					]
				}
			},
			"response": []
		},
		{
			"name": "Done With A Reservation",
			"request": {
				"auth": {
					"type": "oauth2",
					"oauth2": [
						{
							"key": "scope",
							"value": "ServerAccessScope/write",
							"type": "string"
						},
						{
							"key": "clientSecret",
							"value": "{{client_secret}}",
							"type": "string"
						},
						{
							"key": "clientId",
							"value": "{{client_id}}",
							"type": "string"
						},
						{
							"key": "accessTokenUrl",
							"value": "{{url}}",
							"type": "string"
						},
						{
							"key": "headerPrefix",
							"value": "",
							"type": "string"
						},
						{
							"key": "addTokenTo",
							"value": "header",
							"type": "string"
						},
						{
							"key": "grant_type",
							"value": "client_credentials",
							"type": "string"
						},
						{
							"key": "authUrl",
							"value": "https://bistro-nord-backend.auth.us-east-1.amazoncognito.com/oauth2/token",
							"type": "string"
						},
						{
							"key": "useBrowser",
							"value": true,
							"type": "boolean"
						},
						{
							"key": "client_authentication",
							"value": "body",
							"type": "string"
						},
						{
							"key": "tokenName",
							"value": "Bistro Nord Backend",
							"type": "string"
						},
						{
							"key": "refreshRequestParams",
							"value": [],
							"type": "any"
						},
						{
							"key": "tokenRequestParams",
							"value": [],
							"type": "any"
						},
						{
							"key": "authRequestParams",
							"value": [],
							"type": "any"
						},
						{
							"key": "challengeAlgorithm",
							"value": "S256",
							"type": "string"
						}
					]
				},
				"method": "POST",
				"header": [],
				"body": {
					"mode": "raw",
					"raw": "",
					"options": {
						"raw": {
							"language": "json"
						}
					}
				},
				"url": {
					"raw": "https://enr8szp4y4.execute-api.us-east-1.amazonaws.com/DoneWithAReservation/{BookingNumber}/{COMPLETE,CANCELLED}",
					"protocol": "https",
					"host": [
						"enr8szp4y4",
						"execute-api",
						"us-east-1",
						"amazonaws",
						"com"
					],
					"path": [
						"DoneWithAReservation",
						"{BookingNumber}",
						"{COMPLETE,CANCELLED}"
					]
				}
			},
			"response": []
		},
		{
			"name": "Update A Reservation",
			"event": [
				{
					"listen": "test",
					"script": {
						"exec": [
							"var template = `",
							"<style type=\"text/css\">",
							"    .tftable {font-size:14px;color:#333333;width:100%;border-width: 1px;border-color: #87ceeb;border-collapse: collapse;}",
							"    .tftable th {font-size:18px;background-color:#87ceeb;border-width: 1px;padding: 8px;border-style: solid;border-color: #87ceeb;text-align:left;}",
							"    .tftable tr {background-color:#ffffff;}",
							"    .tftable td {font-size:14px;border-width: 1px;padding: 8px;border-style: solid;border-color: #87ceeb;}",
							"    .tftable tr:hover {background-color:#e0ffff;}",
							"</style>",
							"",
							"<table class=\"tftable\" border=\"1\">",
							"    <tr>",
							"        <th>User ID</th>",
							"        <th>Booking Reference</th>",
							"        <th>Booking Date & Time</th>",
							"        <th>Booking ID</th>",
							"        <th>Count</th>",
							"        <th>Booking Number</th>",
							"        <th>Status</th>",
							"        <th>Restaurant ID</th>",
							"    </tr>",
							"    ",
							"    {{#each response.Items}}",
							"        <tr>",
							"            <td>{{UserID.S}}</td>",
							"            <td>{{BookingRef.S}}</td>",
							"            <td>{{BookingDateTime.S}}</td>",
							"            <td>{{BookingId.S}}</td>",
							"            <td>{{Count.S}}</td>",
							"            <td>{{BookingNumber.S}}</td>",
							"            <td>{{Status.S}}</td>",
							"            <td>{{RestaurantID.S}}</td>",
							"        </tr>",
							"    {{/each}}",
							"</table>",
							"`;",
							"",
							"function constructVisualizerPayload() {",
							"    return { response: pm.response.json() }",
							"}",
							"",
							"pm.visualizer.set(template, constructVisualizerPayload());"
						],
						"type": "text/javascript",
						"packages": {}
					}
				}
			],
			"request": {
				"auth": {
					"type": "oauth2",
					"oauth2": [
						{
							"key": "scope",
							"value": "ServerAccessScope/write",
							"type": "string"
						},
						{
							"key": "clientSecret",
							"value": "{{client_secret}}",
							"type": "string"
						},
						{
							"key": "clientId",
							"value": "{{client_id}}",
							"type": "string"
						},
						{
							"key": "accessTokenUrl",
							"value": "{{url}}",
							"type": "string"
						},
						{
							"key": "headerPrefix",
							"value": "",
							"type": "string"
						},
						{
							"key": "addTokenTo",
							"value": "header",
							"type": "string"
						},
						{
							"key": "grant_type",
							"value": "client_credentials",
							"type": "string"
						},
						{
							"key": "authUrl",
							"value": "https://bistro-nord-backend.auth.us-east-1.amazoncognito.com/oauth2/token",
							"type": "string"
						},
						{
							"key": "useBrowser",
							"value": true,
							"type": "boolean"
						},
						{
							"key": "client_authentication",
							"value": "body",
							"type": "string"
						},
						{
							"key": "tokenName",
							"value": "Bistro Nord Backend",
							"type": "string"
						},
						{
							"key": "refreshRequestParams",
							"value": [],
							"type": "any"
						},
						{
							"key": "tokenRequestParams",
							"value": [],
							"type": "any"
						},
						{
							"key": "authRequestParams",
							"value": [],
							"type": "any"
						},
						{
							"key": "challengeAlgorithm",
							"value": "S256",
							"type": "string"
						}
					]
				},
				"method": "PUT",
				"header": [],
				"body": {
					"mode": "raw",
					"raw": "{\n    \"datetime\": \"2025-01-29 9:30 PM\",\n    \"count\": 21,\n    \"status\": \"ACTIVE\"\n}",
					"options": {
						"raw": {
							"language": "json"
						}
					}
				},
				"url": {
					"raw": "https://enr8szp4y4.execute-api.us-east-1.amazonaws.com/UpdateReservation/{BookingNumber}",
					"protocol": "https",
					"host": [
						"enr8szp4y4",
						"execute-api",
						"us-east-1",
						"amazonaws",
						"com"
					],
					"path": [
						"UpdateReservation",
						"{BookingNumber}"
					]
				}
			},
			"response": []
		},
		{
			"name": "Get Reservation Details",
			"event": [
				{
					"listen": "test",
					"script": {
						"exec": [
							"var template = `",
							"<style type=\"text/css\">",
							"    .tftable {font-size:14px;color:#333333;width:100%;border-width: 1px;border-color: #87ceeb;border-collapse: collapse;}",
							"    .tftable th {font-size:18px;background-color:#87ceeb;border-width: 1px;padding: 8px;border-style: solid;border-color: #87ceeb;text-align:left;}",
							"    .tftable tr {background-color:#ffffff;}",
							"    .tftable td {font-size:14px;border-width: 1px;padding: 8px;border-style: solid;border-color: #87ceeb;}",
							"    .tftable tr:hover {background-color:#e0ffff;}",
							"</style>",
							"",
							"<table class=\"tftable\" border=\"1\">",
							"    <tr>",
							"        <th>User ID</th>",
							"        <th>Booking Reference</th>",
							"        <th>Booking Date & Time</th>",
							"        <th>Booking ID</th>",
							"        <th>Count</th>",
							"        <th>Booking Number</th>",
							"        <th>Status</th>",
							"        <th>Restaurant ID</th>",
							"    </tr>",
							"    ",
							"    {{#each response.Items}}",
							"        <tr>",
							"            <td>{{UserID.S}}</td>",
							"            <td>{{BookingRef.S}}</td>",
							"            <td>{{BookingDateTime.S}}</td>",
							"            <td>{{BookingId.S}}</td>",
							"            <td>{{Count.S}}</td>",
							"            <td>{{BookingNumber.S}}</td>",
							"            <td>{{Status.S}}</td>",
							"            <td>{{RestaurantID.S}}</td>",
							"        </tr>",
							"    {{/each}}",
							"</table>",
							"`;",
							"",
							"function constructVisualizerPayload() {",
							"    return { response: pm.response.json() }",
							"}",
							"",
							"pm.visualizer.set(template, constructVisualizerPayload());"
						],
						"type": "text/javascript",
						"packages": {}
					}
				}
			],
			"protocolProfileBehavior": {
				"disableBodyPruning": true
			},
			"request": {
				"auth": {
					"type": "oauth2",
					"oauth2": [
						{
							"key": "scope",
							"value": "ServerAccessScope/read",
							"type": "string"
						},
						{
							"key": "clientSecret",
							"value": "{{client_secret}}",
							"type": "string"
						},
						{
							"key": "clientId",
							"value": "{{client_id}}",
							"type": "string"
						},
						{
							"key": "accessTokenUrl",
							"value": "{{url}}",
							"type": "string"
						},
						{
							"key": "headerPrefix",
							"value": "",
							"type": "string"
						},
						{
							"key": "addTokenTo",
							"value": "header",
							"type": "string"
						},
						{
							"key": "grant_type",
							"value": "client_credentials",
							"type": "string"
						},
						{
							"key": "authUrl",
							"value": "https://bistro-nord-backend.auth.us-east-1.amazoncognito.com/oauth2/token",
							"type": "string"
						},
						{
							"key": "useBrowser",
							"value": true,
							"type": "boolean"
						},
						{
							"key": "client_authentication",
							"value": "body",
							"type": "string"
						},
						{
							"key": "tokenName",
							"value": "Bistro Nord Backend",
							"type": "string"
						},
						{
							"key": "refreshRequestParams",
							"value": [],
							"type": "any"
						},
						{
							"key": "tokenRequestParams",
							"value": [],
							"type": "any"
						},
						{
							"key": "authRequestParams",
							"value": [],
							"type": "any"
						},
						{
							"key": "challengeAlgorithm",
							"value": "S256",
							"type": "string"
						}
					]
				},
				"method": "GET",
				"header": [],
				"body": {
					"mode": "raw",
					"raw": "",
					"options": {
						"raw": {
							"language": "json"
						}
					}
				},
				"url": {
					"raw": "https://enr8szp4y4.execute-api.us-east-1.amazonaws.com/GetAReservation/{BookingNumber}",
					"protocol": "https",
					"host": [
						"enr8szp4y4",
						"execute-api",
						"us-east-1",
						"amazonaws",
						"com"
					],
					"path": [
						"GetAReservation",
						"{BookingNumber}"
					]
				}
			},
			"response": []
		},
		{
			"name": "Get Users Reservation",
			"event": [
				{
					"listen": "test",
					"script": {
						"exec": [
							"var template = `",
							"<style type=\"text/css\">",
							"    .tftable {font-size:14px;color:#333333;width:100%;border-width: 1px;border-color: #87ceeb;border-collapse: collapse;}",
							"    .tftable th {font-size:18px;background-color:#87ceeb;border-width: 1px;padding: 8px;border-style: solid;border-color: #87ceeb;text-align:left;}",
							"    .tftable tr {background-color:#ffffff;}",
							"    .tftable td {font-size:14px;border-width: 1px;padding: 8px;border-style: solid;border-color: #87ceeb;}",
							"    .tftable tr:hover {background-color:#e0ffff;}",
							"</style>",
							"",
							"<table class=\"tftable\" border=\"1\">",
							"    <tr>",
							"        <th>User ID</th>",
							"        <th>Booking Reference</th>",
							"        <th>Booking Date & Time</th>",
							"        <th>Booking ID</th>",
							"        <th>Count</th>",
							"        <th>Booking Number</th>",
							"        <th>Status</th>",
							"        <th>Restaurant ID</th>",
							"    </tr>",
							"    ",
							"    {{#each response.Items}}",
							"        <tr>",
							"            <td>{{UserID.S}}</td>",
							"            <td>{{BookingRef.S}}</td>",
							"            <td>{{BookingDateTime.S}}</td>",
							"            <td>{{BookingId.S}}</td>",
							"            <td>{{Count.S}}</td>",
							"            <td>{{BookingNumber.S}}</td>",
							"            <td>{{Status.S}}</td>",
							"            <td>{{RestaurantID.S}}</td>",
							"        </tr>",
							"    {{/each}}",
							"</table>",
							"`;",
							"",
							"function constructVisualizerPayload() {",
							"    return { response: pm.response.json() }",
							"}",
							"",
							"pm.visualizer.set(template, constructVisualizerPayload());"
						],
						"type": "text/javascript",
						"packages": {}
					}
				}
			],
			"protocolProfileBehavior": {
				"disableBodyPruning": true
			},
			"request": {
				"auth": {
					"type": "oauth2",
					"oauth2": [
						{
							"key": "scope",
							"value": "ServerAccessScope/read",
							"type": "string"
						},
						{
							"key": "clientSecret",
							"value": "{{client_secret}}",
							"type": "string"
						},
						{
							"key": "clientId",
							"value": "{{client_id}}",
							"type": "string"
						},
						{
							"key": "accessTokenUrl",
							"value": "{{url}}",
							"type": "string"
						},
						{
							"key": "headerPrefix",
							"value": "",
							"type": "string"
						},
						{
							"key": "addTokenTo",
							"value": "header",
							"type": "string"
						},
						{
							"key": "grant_type",
							"value": "client_credentials",
							"type": "string"
						},
						{
							"key": "authUrl",
							"value": "https://bistro-nord-backend.auth.us-east-1.amazoncognito.com/oauth2/token",
							"type": "string"
						},
						{
							"key": "useBrowser",
							"value": true,
							"type": "boolean"
						},
						{
							"key": "client_authentication",
							"value": "body",
							"type": "string"
						},
						{
							"key": "tokenName",
							"value": "Bistro Nord Backend",
							"type": "string"
						},
						{
							"key": "refreshRequestParams",
							"value": [],
							"type": "any"
						},
						{
							"key": "tokenRequestParams",
							"value": [],
							"type": "any"
						},
						{
							"key": "authRequestParams",
							"value": [],
							"type": "any"
						},
						{
							"key": "challengeAlgorithm",
							"value": "S256",
							"type": "string"
						}
					]
				},
				"method": "GET",
				"header": [],
				"body": {
					"mode": "raw",
					"raw": "",
					"options": {
						"raw": {
							"language": "json"
						}
					}
				},
				"url": {
					"raw": "https://enr8szp4y4.execute-api.us-east-1.amazonaws.com/GetUsersReservations/{UserID}",
					"protocol": "https",
					"host": [
						"enr8szp4y4",
						"execute-api",
						"us-east-1",
						"amazonaws",
						"com"
					],
					"path": [
						"GetUsersReservations",
						"{UserID}"
					]
				}
			},
			"response": []
		}
	]
}